Geo_Type,Geo_Div,Geo_ID,Geo_Description,Geo_ID_Val,X,Y,CensusDiv,US_States,Viz_Tick
Domestic,Other,15180,Brownsville-Harlingen,15180,-97.4528596144,26.1515011876,WSC,TX,1
Domestic,100,32580,McAllen-Edinburg-Pharr,32580,-98.1810705064,26.3967205869,WSC,TX,2
Domestic,Other,29700,Laredo,29700,-99.3315652896,27.7610624253,WSC,TX,3
Domestic,100,21340,El Paso,21340,-106.234828737,31.7685507175,WSC,TX,4
Domestic,Other,36220,Odessa,36220,-102.542763449,31.8691637513,WSC,TX,5
Domestic,Other,33260,Midland,33260,-102.031623533,31.8691687068,WSC,TX,6
Domestic,Other,41660,San Angelo,41660,-100.673038955,31.3636636302,WSC,TX,7
Domestic,Other,10180,Abilene,10180,-99.7176783579,32.4496900329,WSC,TX,8
Domestic,Other,31180,Lubbock,31180,-101.560102035,33.6124165613,WSC,TX,9
Domestic,Other,11100,Amarillo,11100,-101.626097823,35.1850525884,WSC,TX,10
Domestic,Other,48660,Wichita Falls,48660,-98.4914009573,33.7747645728,WSC,TX,11
Domestic,Other,30020,Lawton,30020,-98.4716610541,34.6621012924,WSC,OK,12
Domestic,100,36420,Oklahoma City,36420,-97.5038814669,35.4298679185,WSC,OK,13
Domestic,100,46140,Tulsa,46140,-96.1662596354,36.2504292673,WSC,OK,14
Domestic,Rest,90040,Rest of Oklahoma,90040,-97.50829,35.58345,WSC,OK,15
Domestic,Other,22900,Fort Smith,22900,-94.4634802346,35.2393826485,WSC,AR-OK,16
Domestic,Other,22220,Fayetteville-Springdale-Rogers,22220,-94.1215704513,36.196182567,WSC,AR-MO,17
Domestic,Other,27860,Jonesboro,27860,-90.6483859286,35.6981865417,WSC,AR,18
Domestic,Rest,90005,Rest of Arkansas,90005,-92.43916,34.89983,WSC,AR,19
Domestic,100,30780,Little Rock-North Little Rock,30780,-92.3971661395,34.7572199707,WSC,AR,20
Domestic,Other,26300,Hot Springs,26300,-93.1504253611,34.5766864972,WSC,AR,21
Domestic,Other,38220,Pine Bluff,38220,-91.949887647,34.0772885673,WSC,AR,22
Domestic,Other,45500,Texarkana,45500,-94.2062418474,33.3912185174,WSC,TX,23
Domestic,Other,30980,Longview,30980,-94.8294359096,32.371658596,WSC,TX,24
Domestic,Other,46340,Tyler,46340,-95.2691825962,32.3750353978,WSC,TX,25
Domestic,Other,43300,Sherman-Denison,43300,-96.6777211661,33.6268129459,WSC,TX,26
Domestic,100,19100,Dallas-Fort Worth-Arlington,19100,-96.9312915515,32.8656661276,WSC,TX,27
Domestic,Other,47380,Waco,47380,-97.2017877799,31.5523768984,WSC,TX,28
Domestic,Other,28660,Killeen-Temple-Fort Hood,28660,-97.7876979547,31.2080935348,WSC,TX,29
Domestic,Other,17780,College Station-Bryan,17780,-96.4889183579,30.7565091434,WSC,TX,30
Domestic,Rest,90048,Rest of Texas,90048,-99.35884,31.49493,WSC,TX,31
Domestic,100,12420,Austin-Round Rock,12420,-97.654446588,30.2626091906,WSC,TX,32
Domestic,100,41700,San Antonio,41700,-98.6022636039,29.4287640107,WSC,TX,33
Domestic,Other,18580,Corpus Christi,18580,-97.4013047008,27.8928384191,WSC,TX,34
Domestic,Other,47020,Victoria,47020,-96.9800261123,28.6208662749,WSC,TX,35
Domestic,100,26420,Houston-Baytown-Sugar Land,26420,-95.3422790435,29.8021228507,WSC,TX,36
Domestic,Other,13140,Beaumont-Port Arthur,13140,-94.2013601114,30.0764714178,WSC,TX,37
Domestic,Other,29340,Lake Charles,29340,-93.2564571518,29.9852474297,WSC,LA,38
Domestic,Other,43340,Shreveport-Bossier City,43340,-93.745105534,32.4387851235,WSC,LA,39
Domestic,Other,33740,Monroe,33740,-92.2846288832,32.6869100421,WSC,LA,40
Domestic,Rest,90022,Rest of Louisiana,90022,-92.00678,31.07271,WSC,LA,41
Domestic,Other,10780,Alexandria,10780,-92.5418574655,31.3305506938,WSC,LA,42
Domestic,Other,29180,Lafayette,29180,-91.7213275814,30.1483496127,WSC,LA,43
Domestic,100,12940,Baton Rouge,12940,-91.1327839769,30.5710500016,WSC,LA,44
Domestic,Other,26380,Houma-Bayou Cane-Thibodaux,26380,-90.6575066235,29.4048876682,WSC,LA,45
Domestic,100,35380,New Orleans-Metairie-Kenner,35380,-89.6714573947,29.8020423179,WSC,LA,46
Domestic,Other,25060,Gulfport-Biloxi,25060,-89.1990813747,30.4944865743,ESC,MS,47
Domestic,Other,37700,Pascagoula,37700,-88.6295716517,30.589839701,ESC,MS,48
Domestic,Other,25620,Hattiesburg,25620,-89.2288157278,31.1873624695,ESC,MS,49
Domestic,100,27140,Jackson,27140,-90.1769038028,32.2022355328,ESC,MS,50
Domestic,Rest,90028,Rest of Mississippi,90028,-89.66542,32.75161,ESC,MS,51
Domestic,100,32820,Memphis,32820,-89.8696114842,35.024185687,ESC,TN-MS-AR,52
Domestic,Other,27180,Jackson,27180,-88.7624027631,35.5451310022,ESC,TN,53
Domestic,100,34980,Nashville-Davidson--Murfreesboro,34980,-86.6870182468,36.1392035127,ESC,TN,54
Domestic,Other,17300,Clarksville,17300,-87.6230557902,36.6929491108,ESC,TN-KY,55
Domestic,Other,36980,Owensboro,36980,-87.0694748473,37.6996527682,ESC,KY,56
Domestic,Other,14540,Bowling Green,14540,-86.3570157591,37.0712100349,ESC,KY,57
Domestic,Other,21060,Elizabethtown,21060,-85.8851819575,37.6531158221,ESC,KY,58
Domestic,100,31140,Louisville,31140,-85.6888198022,38.2389658956,ESC,KY-IN,59
Domestic,Other,30460,Lexington-Fayette,30460,-84.4330599038,38.0905122157,ESC,KY,60
Domestic,Rest,90021,Rest of Kentucky,90021,-85.29048,37.52668,ESC,KY,61
Domestic,Other,28700,Kingsport-Bristol-Bristol,28700,-82.4425708472,36.6077385422,ESC,TN-VA,62
Domestic,Other,27740,Johnson City,27740,-82.334425027,36.2537469875,ESC,TN,63
Domestic,Other,34100,Morristown,34100,-83.4306313727,36.1739421081,ESC,TN,64
Domestic,Other,17420,Cleveland,17420,-84.6673899437,35.1345576407,ESC,TN,65
Domestic,100,28940,Knoxville,28940,-84.0155479901,35.9309956306,ESC,TN,66
Domestic,100,16860,Chattanooga,16860,-85.3591287635,35.0519827713,ESC,TN-GA,67
Domestic,Rest,90047,Rest of Tennessee,90047,-86.34323,35.843,ESC,TN,68
Domestic,Other,22520,Florence-Muscle Shoals,22520,-87.7240007441,34.8082097242,ESC,AL,69
Domestic,Other,26620,Huntsville,26620,-86.7346420834,34.7831887979,ESC,AL,70
Domestic,Other,19460,Decatur,19460,-87.1026375766,34.490636237,ESC,AL,71
Domestic,Other,23460,Gadsden,23460,-86.0347622293,34.0452540791,ESC,AL,72
Domestic,Other,11500,Anniston-Oxford,11500,-85.8260348886,33.7714278051,ESC,AL,73
Domestic,100,13820,Birmingham-Hoover,13820,-86.8138680459,33.4638408575,ESC,AL,74
Domestic,Other,46220,Tuscaloosa,46220,-87.6560110544,33.052582924,ESC,AL,75
Domestic,Rest,90001,Rest of Alabama,90001,-86.82765,32.79154,ESC,AL,76
Domestic,Other,33860,Montgomery,33860,-86.4032432133,32.3606124903,ESC,AL,77
Domestic,Other,12220,Auburn-Opelika,12220,-85.3555627019,32.6011364656,ESC,AL,78
Domestic,Other,20020,Dothan,20020,-85.4617247065,31.2528941136,ESC,AL,79
Domestic,Other,33660,Mobile,33660,-88.1975295789,30.6851468973,ESC,AL,80
Domestic,Other,37860,Pensacola-Ferry Pass-Brent,37860,-87.1562719811,30.6593962361,SA,FL,81
Domestic,Other,23020,Fort Walton Beach-Crestview-Destin,23020,-86.5921750786,30.665029745,SA,FL,82
Domestic,Other,37460,Panama City-Lynn Haven,37460,-85.6326228021,30.2376465502,SA,FL,83
Domestic,Other,45220,Tallahassee,45220,-84.2814110908,30.3867853246,SA,FL,84
Domestic,Other,23540,Gainesville,23540,-82.47651104,29.6884614174,SA,FL,85
Domestic,Other,36100,Ocala,36100,-82.0566758743,29.2102025732,SA,FL,86
Domestic,Rest,90012,Rest of Florida,90012,-82.48823,28.65004,SA,FL,87
Domestic,100,29460,Lakeland,29460,-81.6976676304,27.948875102,SA,FL,88
Domestic,100,45300,Tampa-St. Petersburg-Clearwater,45300,-82.4640394067,28.125538827,SA,FL,89
Domestic,100,42260,Sarasota-Bradenton-Venice,42260,-82.3608702532,27.3454627409,SA,FL,90
Domestic,Other,39460,Punta Gorda,39460,-81.950311502,26.8998488309,SA,FL,91
Domestic,100,15980,Cape Coral-Fort Myers,15980,-81.9154526148,26.5756896255,SA,FL,92
Domestic,Other,34940,Naples-Marco Island,34940,-81.3809730167,26.0992389714,SA,FL,93
Domestic,100,33100,Miami-Fort Lauderdale-Miami Beach,33100,-80.465201842,26.1310646146,SA,FL,94
Domestic,Other,38940,Port St. Lucie-Fort Pierce,38940,-80.4210005962,27.224664035,SA,FL,95
Domestic,Other,46940,Vero Beach,46940,-80.5740895612,27.6963908092,SA,FL,96
Domestic,100,37340,Palm Bay-Melbourne-Titusville,37340,-80.7012055281,28.3003140141,SA,FL,97
Domestic,100,36740,Orlando,36740,-81.3630504872,28.4343585858,SA,FL,98
Domestic,Other,19660,Deltona-Daytona Beach-Ormond Beach,19660,-81.1485721309,29.063451958,SA,FL,99
Domestic,100,27260,Jacksonville,27260,-81.7574986646,30.2340724673,SA,FL,100
Domestic,Other,15260,Brunswick,15260,-81.5871740009,31.3055344415,SA,GA,101
Domestic,Other,25980,Hinesville-Fort Stewart,25980,-81.5723873675,31.7853094534,SA,GA,102
Domestic,Other,42340,Savannah,42340,-81.2704697333,32.1067031761,SA,GA,103
Domestic,Other,46660,Valdosta,46660,-83.2415960784,30.8294866498,SA,GA,104
Domestic,Other,10500,Albany,10500,-84.1738860839,31.5895065715,SA,GA,105
Domestic,Other,17980,Columbus,17980,-84.9087558522,32.4414364058,SA,GA-AL,106
Domestic,Rest,90013,Rest of Georgia,90013,-83.44965,32.65135,SA,GA,107
Domestic,Other,47580,Warner Robins,47580,-83.6662425531,32.4590071242,SA,GA,108
Domestic,Other,31420,Macon,31420,-83.7149068717,32.8576948889,SA,GA,109
Domestic,100,12060,Atlanta-Sandy Springs-Marietta,12060,-84.4374996246,33.6970734323,SA,GA,110
Domestic,Other,40660,Rome,40660,-85.214278643,34.2631627029,SA,GA,111
Domestic,Other,19140,Dalton,19140,-84.848108067,34.7962814442,SA,GA,112
Domestic,Other,23580,Gainesville,23580,-83.8196810821,34.3168890151,SA,GA,113
Domestic,Other,12020,Athens-Clarke County,12020,-83.21378682,33.9490060927,SA,GA,114
Domestic,100,12260,Augusta-Richmond County,12260,-81.9465365277,33.4351990533,SA,GA-SC,115
Domestic,100,16700,Charleston-North Charleston,16700,-80.010586331,33.0165093634,SA,SC,116
Domestic,Other,34820,Myrtle Beach-Conway-North Myrtle Beach,34820,-78.9761494623,33.9044792809,SA,SC,117
Domestic,Other,22500,Florence,22500,-79.8084495607,34.1520189911,SA,SC,118
Domestic,Other,44940,Sumter,44940,-80.3823159258,33.9161721891,SA,SC,119
Domestic,100,17900,Columbia,17900,-81.042437088,34.0917589745,SA,SC,120
Domestic,Rest,90045,Rest of South Carolina,90045,-80.89968,33.91446,SA,SC,121
Domestic,Other,11340,Anderson,11340,-82.6378849573,34.5190912525,SA,SC,122
Domestic,100,24860,Greenville,24860,-82.3306565895,34.7466431882,SA,SC,123
Domestic,Other,43900,Spartanburg,43900,-81.990678492,34.9312615318,SA,SC,124
Domestic,Other,11700,Asheville,11700,-82.6826445432,35.6006301221,SA,NC,125
Domestic,Other,25860,Hickory-Lenoir-Morganton,25860,-81.4546295996,35.8131724062,SA,NC,126
Domestic,Rest,90037,Rest of North Carolina,90037,-79.38704,35.54383,SA,NC,127
Domestic,100,16740,Charlotte-Gastonia-Concord,16740,-80.732372073,35.1095645415,SA,NC-SC,128
Domestic,Other,49180,Winston-Salem,49180,-80.3969010012,36.1852080342,SA,NC,129
Domestic,100,24660,Greensboro-High Point,24660,-79.791739263,36.0259525954,SA,NC,130
Domestic,Other,15500,Burlington,15500,-79.3995103441,36.0440693091,SA,NC,131
Domestic,Other,20500,Durham,20500,-79.0996685324,35.990862477,SA,NC,132
Domestic,100,39580,Raleigh-Cary,39580,-78.4608030022,35.7571343983,SA,NC,133
Domestic,Other,22180,Fayetteville,22180,-78.9803636486,35.0369338151,SA,NC,134
Domestic,Other,48900,Wilmington,48900,-78.0389308882,34.2518772183,SA,NC,135
Domestic,Other,27340,Jacksonville,27340,-77.4159487763,34.7094320868,SA,NC,136
Domestic,Other,24140,Goldsboro,24140,-78.0041480414,35.3637813727,SA,NC,137
Domestic,Other,24780,Greenville,24780,-77.4616739363,35.5622864466,SA,NC,138
Domestic,Other,40580,Rocky Mount,40580,-77.7985458593,35.9410389251,SA,NC,139
Domestic,100,47260,Virginia Beach-Norfolk-Newport News,47260,-76.3877749773,36.9145690137,SA,VA-NC,140
Domestic,100,40060,Richmond,40060,-77.5235047956,37.5242632148,SA,VA,141
Domestic,Rest,90051,Rest of Virginia,90051,-78.81882,37.51485,SA,VA,142
Domestic,Other,16820,Charlottesville,16820,-78.5930737988,37.9502386969,SA,VA,143
Domestic,Other,25500,Harrisonburg,25500,-78.8757129436,38.5106123776,SA,VA,144
Domestic,Other,31340,Lynchburg,31340,-79.2197124967,37.3650125104,SA,VA,145
Domestic,Other,19260,Danville,19260,-79.3976110932,36.8111224243,SA,VA,146
Domestic,Other,40220,Roanoke,40220,-79.9469127042,37.2861509673,SA,VA,147
Domestic,Other,13980,Blacksburg-Christiansburg-Radford,13980,-80.5924292342,37.1865962865,SA,VA,148
Domestic,Other,16620,Charleston,16620,-81.6486587875,38.2879072377,SA,WV,149
Domestic,Other,26580,Huntington-Ashland,26580,-82.5482150753,38.4069780542,SA,WV-KY-OH,150
Domestic,Rest,90054,Rest of West Virginia,90054,-80.61374,38.64258,SA,WV,151
Domestic,Other,34060,Morgantown,34060,-79.804453199,39.527283523,SA,WV,152
Domestic,Other,49020,Winchester,49020,-78.4738886614,39.2721494236,SA,VA-WV,153
Domestic,Other,19060,Cumberland,19060,-78.8049072354,39.5319644714,SA,MD-WV,154
Domestic,Other,25180,Hagerstown-Martinsburg,25180,-77.9813769468,39.5499024612,SA,MD-WV,155
Domestic,100,47900,Washington-Arlington-Alexandria,47900,-77.3845620225,38.8438404682,SA,DC-VA-MD-WV,156
Domestic,100,12580,Baltimore-Towson,12580,-76.5510076333,39.3055421353,SA,MD,157
Domestic,Rest,90024,Rest of Maryland,90024,-76.79919,39.01912,SA,MD,158
Domestic,Other,41540,Salisbury,41540,-75.7653581363,38.1949315501,SA,MD,159
Domestic,Rest,90010,Rest of Delaware,90010,-75.50742,39.00387,SA,DE,160
Domestic,Other,20100,Dover,20100,-75.5046136416,39.0959543836,SA,DE,161
Domestic,Other,47220,Vineland-Millville-Bridgeton,47220,-75.1293422112,39.328069234,NE,NJ,162
Domestic,Other,36140,Ocean City,36140,-74.8499819877,39.0851270545,NE,NJ,163
Domestic,Other,12100,Atlantic City,12100,-74.6337332025,39.4688338122,NE,NJ,164
Domestic,100,37980,Philadelphia-Camden-Wilmington,37980,-75.3117878982,39.8958339418,NE,PA-NJ-DE-MD,165
Domestic,Other,39740,Reading,39740,-75.9259977266,40.4162954729,NE,PA,166
Domestic,100,29540,Lancaster,29540,-76.2477047342,40.0424385752,NE,PA,167
Domestic,Other,30140,Lebanon,30140,-76.4577120095,40.3672317389,NE,PA,168
Domestic,Other,49620,York-Hanover,49620,-76.7265112411,39.9199624532,NE,PA,169
Domestic,100,25420,Harrisburg-Carlisle,25420,-77.1012011048,40.3266721684,NE,PA,170
Domestic,Other,44300,State College,44300,-77.8199512137,40.9193416138,NE,PA,171
Domestic,Other,48700,Williamsport,48700,-77.0645062252,41.3433818662,NE,PA,172
Domestic,Rest,90042,Rest of Pennsylvania,90042,-77.79929,40.87367,NE,PA,173
Domestic,100,42540,Scranton--Wilkes-Barre,42540,-75.8957330438,41.3231844163,NE,PA,174
Domestic,100,10900,Allentown-Bethlehem-Easton,10900,-75.4036535187,40.7893929783,NE,PA-NJ,175
Domestic,Other,45940,Trenton-Ewing,45940,-74.7016891601,40.2834047853,NE,NJ,176
Domestic,100,35620,New York-Northern New Jersey-Long Island,35620,-73.8798531924,40.7732600181,NE,NY-NJ-PA,177
Domestic,100,39100,Poughkeepsie-Newburgh-Middletown,39100,-74.0256830838,41.5826937665,NE,NY,178
Domestic,Other,28740,Kingston,28740,-74.2585694782,41.8881456591,NE,NY,179
Domestic,100,14860,Bridgeport-Stamford-Norwalk,14860,-73.3712044318,41.2249601919,NE,CT,180
Domestic,100,35300,New Haven-Milford,35300,-72.8998597078,41.3488225507,NE,CT,181
Domestic,Rest,90009,Rest of Connecticut,90009,-72.72524,41.62182,NE,CT,182
Domestic,Rest,90025,Rest of Massachusetts,90025,-71.81222,42.25681,NE,MA,183
Domestic,Other,38340,Pittsfield,38340,-73.2064038783,42.3706738939,NE,MA,184
Domestic,100,44140,Springfield,44140,-72.6256423304,42.3648703069,NE,MA,185
Domestic,100,25540,Hartford-West Hartford-East Hartford,25540,-72.5726848597,41.7181033773,NE,CT,186
Domestic,Other,35980,Norwich-New London,35980,-72.1064968825,41.4667792252,NE,CT,187
Domestic,100,39300,Providence-New Bedford-Fall River,39300,-71.3896668287,41.6449354617,NE,RI-MA,188
Domestic,Other,12700,Barnstable Town,12700,-70.238136583,41.7734491612,NE,MA,189
Domestic,100,49340,Worcester,49340,-71.9077397201,42.3513989569,NE,MA,190
Domestic,100,14460,Boston-Cambridge-Quincy,14460,-71.021990196,42.5181538541,NE,MA-NH,191
Domestic,Other,31700,Manchester-Nashua,31700,-71.7160088215,42.9153058036,NE,NH,192
Domestic,Other,38860,Portland-South Portland-Biddeford,38860,-70.4168690473,43.6529644724,NE,ME,193
Domestic,Other,30340,Lewiston-Auburn,30340,-70.2064449959,44.1658484297,NE,ME,194
Domestic,Other,12620,Bangor,12620,-68.6494281279,45.4005123275,NE,ME,195
Domestic,Rest,90023,Rest of Maine,90023,-69.23203,45.3802,NE,ME,196
Domestic,Rest,90033,Rest of New Hampshire,90033,-71.57889,43.68676,NE,NH,197
Domestic,Other,15540,Burlington-South Burlington,15540,-73.0307789165,44.687197829,NE,VT,198
Domestic,Rest,90050,Rest of Vermont,90050,-72.66274,44.07523,NE,VT,199
Domestic,Other,24020,Glens Falls,24020,-73.6488113138,43.4435495117,NE,NY,200
Domestic,100,10580,Albany-Schenectady-Troy,10580,-73.9419756141,42.7885047386,NE,NY,201
Domestic,Rest,90036,Rest of New York,90036,-75.51593,42.95117,NE,NY,202
Domestic,Other,46540,Utica-Rome,46540,-75.1813636518,43.3374184475,NE,NY,203
Domestic,100,45060,Syracuse,45060,-76.0769525969,43.2009675118,NE,NY,204
Domestic,Other,13780,Binghamton,13780,-76.0251326945,42.1644737322,NE,NY,205
Domestic,Other,21300,Elmira,21300,-76.7600260495,42.1412473554,NE,NY,206
Domestic,Other,27060,Ithaca,27060,-76.4736586183,42.4520162618,NE,NY,207
Domestic,100,40380,Rochester,40380,-77.5539366013,43.1885123395,NE,NY,208
Domestic,100,15380,Buffalo-Niagara Falls,15380,-78.7753844,43.0378677953,NE,NY,209
Domestic,Other,21500,Erie,21500,-80.0981063427,42.1174762412,NE,PA,210
Domestic,Other,11020,Altoona,11020,-78.3486041594,40.4809952662,NE,PA,211
Domestic,Other,27780,Johnstown,27780,-78.7137032906,40.4952940103,NE,PA,212
Domestic,100,38300,Pittsburgh,38300,-79.8309606593,40.4390151885,NE,PA,213
Domestic,Other,37620,Parkersburg-Marietta,37620,-81.4484181582,39.3078048295,ENC,OH-WV,214
Domestic,Other,48540,Wheeling,48540,-80.8413291797,39.9747556004,ENC,OH-WV,215
Domestic,Other,48260,Weirton-Steubenville,48260,-80.7042602701,40.3880357359,ENC,OH-WV,216
Domestic,Other,15940,Canton-Massillon,15940,-81.2534919634,40.7186608364,ENC,OH,217
Domestic,100,49660,Youngstown-Warren-Boardman,49660,-80.5676321915,41.2378055576,ENC,OH-PA,218
Domestic,100,10420,Akron,10420,-81.3495340509,41.1487306823,ENC,OH,219
Domestic,100,17460,Cleveland-Elyria-Mentor,17460,-81.6612142371,41.5923672428,ENC,OH,220
Domestic,Other,41780,Sandusky,41780,-82.5762765185,41.4705579409,ENC,OH,221
Domestic,Other,31900,Mansfield,31900,-82.5364838907,40.7746843464,ENC,OH,222
Domestic,100,18140,Columbus,18140,-82.9356709834,40.0410942005,ENC,OH,223
Domestic,Rest,90039,Rest of Ohio,90039,-82.79005,40.29128,ENC,OH,224
Domestic,100,17140,Cincinnati-Middletown,17140,-84.4646155975,39.0810970935,ENC,OH-KY-IN,225
Domestic,100,19380,Dayton,19380,-84.2675398054,39.8076484173,ENC,OH,226
Domestic,Other,44220,Springfield,44220,-83.783896521,39.9167775481,ENC,OH,227
Domestic,Other,30620,Lima,30620,-84.1057786905,40.7715211756,ENC,OH,228
Domestic,100,45780,Toledo,45780,-83.5148951128,41.554718483,ENC,OH,229
Domestic,Other,33780,Monroe,33780,-83.4942579302,41.9213954478,ENC,MI,230
Domestic,Other,11460,Ann Arbor,11460,-83.8387711064,42.2532261717,ENC,MI,231
Domestic,100,19820,Detroit-Warren-Livonia,19820,-83.2058159447,42.7161943756,ENC,MI,232
Domestic,Other,22420,Flint,22420,-83.7067110464,43.0217229124,ENC,MI,233
Domestic,Other,40980,Saginaw-Saginaw Township North,40980,-84.0531870419,43.3350287381,ENC,MI,234
Domestic,Other,13020,Bay City,13020,-83.941835088,43.7213655974,ENC,MI,235
Domestic,Rest,90026,Rest of Michigan,90026,-85.43981,44.34739,ENC,MI,236
Domestic,Other,27100,Jackson,27100,-84.4234374962,42.2484866902,ENC,MI,237
Domestic,Other,29620,Lansing-East Lansing,29620,-84.6069741464,42.7133003247,ENC,MI,238
Domestic,Other,12980,Battle Creek,12980,-85.0055913066,42.2465343236,ENC,MI,239
Domestic,100,24340,Grand Rapids-Wyoming,24340,-85.4822361354,43.0849394118,ENC,MI,240
Domestic,Other,34740,Muskegon-Norton Shores,34740,-86.5352338475,43.2899298739,ENC,MI,241
Domestic,Other,26100,Holland-Grand Haven,26100,-86.421882282,42.9485348852,ENC,MI,242
Domestic,Other,28020,Kalamazoo-Portage,28020,-86.0371757706,42.2713355205,ENC,MI,243
Domestic,Other,35660,Niles-Benton Harbor,35660,-86.685421162,41.9957776883,ENC,MI,244
Domestic,Other,43780,South Bend-Mishawaka,43780,-86.1341467806,41.7736298123,ENC,IN-MI,245
Domestic,Other,33140,Michigan City-La Porte,33140,-86.7423662183,41.54902154,ENC,IN,246
Domestic,Other,21140,Elkhart-Goshen,21140,-85.8587552791,41.5973844814,ENC,IN,247
Domestic,Other,23060,Fort Wayne,23060,-85.2167747307,41.0053998883,ENC,IN,248
Domestic,Other,29140,Lafayette,29140,-86.9295545577,40.5143289667,ENC,IN,249
Domestic,Other,29020,Kokomo,29020,-86.0863928135,40.4027538929,ENC,IN,250
Domestic,Other,34620,Muncie,34620,-85.396899293,40.227525319,ENC,IN,251
Domestic,Other,11300,Anderson,11300,-85.7193451776,40.1616556262,ENC,IN,252
Domestic,100,26900,Indianapolis,26900,-86.2632238799,39.6988549822,ENC,IN,253
Domestic,Other,18020,Columbus,18020,-85.8976045301,39.2059730344,ENC,IN,254
Domestic,Other,14020,Bloomington,14020,-86.7918689418,39.1543280092,ENC,IN,255
Domestic,Rest,90018,Rest of Indiana,90018,-86.27555,39.90814,ENC,IN,256
Domestic,Other,45460,Terre Haute,45460,-87.3439938808,39.3919113367,ENC,IN,257
Domestic,Other,21780,Evansville,21780,-87.5950482604,37.9795487674,ENC,IN-KY,258
Domestic,Other,19180,Danville,19180,-87.7328348874,40.1834219411,ENC,IL,259
Domestic,Other,16580,Champaign-Urbana,16580,-88.294535712,40.2266891348,ENC,IL,260
Domestic,Other,19500,Decatur,19500,-88.9615967595,39.8599951883,ENC,IL,261
Domestic,Other,44100,Springfield,44100,-89.6969067548,39.8295957969,ENC,IL,262
Domestic,Rest,90017,Rest of Illinois,90017,-89.1984,40.065,ENC,IL,263
Domestic,Other,14060,Bloomington-Normal,14060,-88.8473229922,40.4908904786,ENC,IL,264
Domestic,Other,37900,Peoria,37900,-89.5159184627,40.7891578392,ENC,IL,265
Domestic,Other,19340,Davenport-Moline-Rock Island,19340,-90.4659221289,41.3968810703,ENC,IL-IA,266
Domestic,Other,28100,Kankakee-Bradley,28100,-87.8617982746,41.1377046879,ENC,IL,267
Domestic,100,16980,Chicago-Naperville-Joliet,16980,-87.8296246688,41.824838709,ENC,IL-IN-WI,268
Domestic,Other,40420,Rockford,40420,-89.0420825864,42.3316243591,ENC,IL,269
Domestic,Other,27500,Janesville,27500,-89.0715769373,42.6712238194,ENC,WI,270
Domestic,Other,39540,Racine,39540,-87.6960633338,42.7511710424,ENC,WI,271
Domestic,100,33340,Milwaukee-Waukesha-West Allis,33340,-87.7969878688,43.1803927712,ENC,WI,272
Domestic,100,31540,Madison,31540,-89.5901850215,43.1630404209,ENC,WI,273
Domestic,Other,22540,Fond du Lac,22540,-88.4882624675,43.753589753,ENC,WI,274
Domestic,Other,43100,Sheboygan,43100,-87.6347722038,43.7197084504,ENC,WI,275
Domestic,Other,36780,Oshkosh-Neenah,36780,-88.6446589197,44.0688770602,ENC,WI,276
Domestic,Other,11540,Appleton,11540,-88.3711480384,44.2890278385,ENC,WI,277
Domestic,Other,24580,Green Bay,24580,-87.8250637327,44.6988090745,ENC,WI,278
Domestic,Rest,90055,Rest of Wisconsin,90055,-90.01143,44.63576,ENC,WI,279
Domestic,Other,48140,Wausau,48140,-89.7590591238,44.8982857143,ENC,WI,280
Domestic,Other,29100,La Crosse,29100,-91.3196665966,43.7792486163,ENC,WI-MN,281
Domestic,Other,20740,Eau Claire,20740,-91.2822168355,44.9387915953,ENC,WI,282
Domestic,Other,20260,Duluth,20260,-92.3928273475,47.31843785,WNC,MN-WI,283
Domestic,Rest,90027,Rest of Minnesota,90027,-94.30931,46.31632,WNC,MN,284
Domestic,Other,41060,St. Cloud,41060,-94.472031047,45.5858913087,WNC,MN,285
Domestic,100,33460,Minneapolis-St. Paul-Bloomington,33460,-93.2033706389,45.066514882,WNC,MN-WI,286
Domestic,Other,40340,Rochester,40340,-92.4671761906,44.1028422085,WNC,MN,287
Domestic,Other,47940,Waterloo-Cedar Falls,47940,-92.4711555367,42.5362321063,WNC,IA,288
Domestic,Other,20220,Dubuque,20220,-90.8824564236,42.4688319666,WNC,IA,289
Domestic,Other,16300,Cedar Rapids,16300,-91.6313350599,42.0914743529,WNC,IA,290
Domestic,Other,26980,Iowa City,26980,-91.6499723665,41.5113470482,WNC,IA,291
Domestic,Other,11180,Ames,11180,-93.4650447632,42.036241502,WNC,IA,292
Domestic,100,19780,Des Moines,19780,-93.9404428223,41.547835592,WNC,IA,293
Domestic,Rest,90019,Rest of Iowa,90019,-93.50006,42.07466,WNC,IA,294
Domestic,Rest,90029,Rest of Missouri,90029,-92.47724,38.3675,WNC,MO,295
Domestic,100,41180,St. Louis,41180,-90.3951309644,38.6692149552,WNC,MO-IL,296
Domestic,Other,27620,Jefferson City,27620,-92.0916925887,38.6398127906,WNC,MO,297
Domestic,Other,17860,Columbia,17860,-92.4666595103,39.0522894615,WNC,MO,298
Domestic,Other,44180,Springfield,44180,-93.1770742467,37.3616702384,WNC,MO,299
Domestic,Other,27900,Joplin,27900,-94.3399350907,37.0565431668,WNC,MO,300
Domestic,100,28140,Kansas City,28140,-94.5051957844,38.9102602508,WNC,MO-KS,301
Domestic,Other,41140,St. Joseph,41140,-94.7838848022,39.8341762638,WNC,MO-KS,302
Domestic,Other,29940,Lawrence,29940,-95.2926062477,38.8846595989,WNC,KS,303
Domestic,Other,45820,Topeka,45820,-95.8031223085,39.0438154654,WNC,KS,304
Domestic,100,48620,Wichita,48620,-97.2454275226,37.6386711815,WNC,KS,305
Domestic,Rest,90020,Rest of Kansas,90020,-98.38019,38.48473,WNC,KS,306
Domestic,Rest,90031,Rest of Nebraska,90031,-99.81059,41.5271,WNC,NE,307
Domestic,Other,30700,Lincoln,30700,-96.8708162108,40.8199193212,WNC,NE,308
Domestic,100,36540,Omaha-Council Bluffs,36540,-95.9991244448,41.2900841966,WNC,NE-IA,309
Domestic,Other,43580,Sioux City,43580,-96.4375803465,42.5129508152,WNC,IA-NE-SD,310
Domestic,Other,39660,Rapid City,39660,-102.76413902,44.3179836003,WNC,SD,311
Domestic,Rest,90046,Rest of South Dakota,90046,-100.23049,44.43614,WNC,SD,312
Domestic,Other,43620,Sioux Falls,43620,-96.9900742495,43.499716732,WNC,SD,313
Domestic,Other,13900,Bismarck,13900,-100.905134137,46.8370139223,WNC,ND,314
Domestic,Other,22020,Fargo,22020,-96.9655108421,46.9178157088,WNC,ND-MN,315
Domestic,Other,24220,Grand Forks,24220,-96.8444066349,47.8359640882,WNC,ND-MN,316
Domestic,Rest,90038,Rest of North Dakota,90038,-100.46931,47.44631,WNC,ND,317
Domestic,Rest,90030,Rest of Montana,90030,-109.64513,47.03352,MO,MT,318
Domestic,Other,13740,Billings,13740,-108.602059277,45.6287004048,MO,MT,319
Domestic,Other,24500,Great Falls,24500,-111.347149648,47.3080182098,MO,MT,320
Domestic,Other,33540,Missoula,33540,-113.923709149,47.0364887256,MO,MT,321
Domestic,Other,17660,Coeur d'Alene,17660,-116.70001272,47.674555811,MO,ID,322
Domestic,Other,30300,Lewiston,30300,-116.94376495,46.2691058827,MO,ID-WA,323
Domestic,Rest,90016,Rest of Idaho,90016,-114.65937,44.38907,MO,ID,324
Domestic,100,14260,Boise City-Nampa,14260,-116.143239949,43.016164969,MO,ID,325
Domestic,Other,26820,Idaho Falls,26820,-111.872167966,43.5474693777,MO,ID,326
Domestic,Other,38540,Pocatello,38540,-112.567819518,42.6825343171,MO,ID,327
Domestic,Other,30860,Logan,30860,-111.768964273,41.8896476324,MO,UT-ID,328
Domestic,100,36260,Ogden-Clearfield,36260,-111.869980864,41.1191848983,MO,UT,329
Domestic,100,41620,Salt Lake City,41620,-112.620837654,40.5459899167,MO,UT,330
Domestic,100,39340,Provo-Orem,39340,-112.352673312,39.8644245774,MO,UT,331
Domestic,Rest,90049,Rest of Utah,90049,-111.67822,39.32378,MO,UT,332
Domestic,Rest,90056,Rest of Wyoming,90056,-107.55145,42.99963,MO,WY,333
Domestic,Other,16220,Casper,16220,-106.798493804,42.9622404459,MO,WY,334
Domestic,Other,16940,Cheyenne,16940,-104.689615596,41.3070652017,MO,WY,335
Domestic,Other,24540,Greeley,24540,-104.392526908,40.5548382653,MO,CO,336
Domestic,Other,22660,Fort Collins-Loveland,22660,-105.461155487,40.6664134955,MO,CO,337
Domestic,Other,14500,Boulder,14500,-105.357701866,40.0924568026,MO,CO,338
Domestic,100,19740,Denver-Aurora,19740,-104.894404851,39.4337140111,MO,CO,339
Domestic,100,17820,Colorado Springs,17820,-104.657933041,38.8425101235,MO,CO,340
Domestic,Other,39380,Pueblo,39380,-104.512846808,38.1734238778,MO,CO,341
Domestic,Other,24300,Grand Junction,24300,-108.466450738,39.0182788922,MO,CO,342
Domestic,Rest,90008,Rest of Colorado,90008,-105.54783,38.99855,MO,CO,343
Domestic,Other,22140,Farmington,22140,-108.320595522,36.5084710424,MO,NM,344
Domestic,100,10740,Albuquerque,10740,-106.471626758,35.1223559222,MO,NM,345
Domestic,Other,42140,Santa Fe,42140,-105.976120887,35.5068563871,MO,NM,346
Domestic,Rest,90035,Rest of New Mexico,90035,-106.10839,34.42136,MO,NM,347
Domestic,Other,29740,Las Cruces,29740,-106.832800416,32.3526796893,MO,NM,348
Domestic,Rest,90004,Rest of Arizona,90004,-111.66459,34.29323,MO,AZ,349
Domestic,100,46060,Tucson,46060,-111.789949307,32.0973790206,MO,AZ,350
Domestic,Other,49740,Yuma,49740,-113.905563804,32.7694043569,MO,AZ,351
Domestic,100,38060,Phoenix-Mesa-Scottsdale,38060,-112.070487846,33.185704079,MO,AZ,352
Domestic,Other,39140,Prescott,39140,-112.553871448,34.599883522,MO,AZ,353
Domestic,Other,22380,Flagstaff,22380,-111.770504874,35.8387298344,MO,AZ,354
Domestic,Other,41100,St. George,41100,-113.504943849,37.2803607732,MO,UT,355
Domestic,Other,39900,Reno-Sparks,39900,-119.65915037,40.6189976101,MO,NV,356
Domestic,Other,16180,Carson City,16180,-119.747422312,39.1511466348,MO,NV,357
Domestic,Rest,90032,Rest of Nevada,90032,-116.6554,39.35647,MO,NV,358
Domestic,100,29820,Las Vegas-Paradise,29820,-115.013561604,36.215198976,MO,NV,359
Domestic,Other,20940,El Centro,20940,-115.365319735,33.0395059955,PA,CA,360
Domestic,100,41740,San Diego-Carlsbad-San Marcos,41740,-116.770205431,33.0282023188,PA,CA,361
Domestic,100,40140,Riverside-San Bernardino-Ontario,40140,-116.12973169,34.5516824054,PA,CA,362
Domestic,100,31100,Los Angeles-Long Beach-Santa Ana,31100,-118.180767102,34.111757076,PA,CA,363
Domestic,100,37100,Oxnard-Thousand Oaks-Ventura,37100,-119.126027209,34.3575285244,PA,CA,364
Domestic,Other,42060,Santa Barbara-Santa Maria-Goleta,42060,-120.030783216,34.538340871,PA,CA,365
Domestic,Other,42020,San Luis Obispo-Paso Robles,42020,-120.452196914,35.3874155293,PA,CA,366
Domestic,100,12540,Bakersfield,12540,-118.729900018,35.3428487145,PA,CA,367
Domestic,Other,25260,Hanford-Corcoran,25260,-119.815502478,36.0753610044,PA,CA,368
Domestic,Other,47300,Visalia-Porterville,47300,-118.800472844,36.2201567746,PA,CA,369
Domestic,100,23420,Fresno,23420,-119.649321245,36.7581795086,PA,CA,370
Domestic,Other,31460,Madera,31460,-119.762645852,37.2180358702,PA,CA,371
Domestic,Other,32900,Merced,32900,-120.717668626,37.1918569472,PA,CA,372
Domestic,Other,41500,Salinas,41500,-121.308901559,36.2397743966,PA,CA,373
Domestic,Other,42100,Santa Cruz-Watsonville,42100,-122.009787438,37.0216119169,PA,CA,374
Domestic,100,41940,San Jose-Sunnyvale-Santa Clara,41940,-121.376920638,36.9103057722,PA,CA,375
Domestic,100,41860,San Francisco-Oakland-Fremont,41860,-122.274113015,37.7741092946,PA,CA,376
Domestic,100,33700,Modesto,33700,-120.997685289,37.5591449488,PA,CA,377
Domestic,100,44700,Stockton,44700,-121.271446517,37.934776728,PA,CA,378
Domestic,100,40900,Sacramento--Arden-Arcade--Roseville,40900,-120.997632268,38.7804646762,PA,CA,379
Domestic,Other,46700,Vallejo-Fairfield,46700,-121.940006891,38.2669191203,PA,CA,380
Domestic,Other,34900,Napa,34900,-122.330533191,38.5064736541,PA,CA,381
Domestic,Other,42220,Santa Rosa-Petaluma,42220,-122.922544655,38.5252925761,PA,CA,382
Domestic,Rest,90006,Rest of California,90006,-119.60943,37.24611,PA,CA,383
Domestic,Other,49700,Yuba City,49700,-121.517901152,39.1552842756,PA,CA,384
Domestic,Other,17020,Chico,17020,-121.600671746,39.6669293703,PA,CA,385
Domestic,Other,39820,Redding,39820,-122.040521549,40.763766589,PA,CA,386
Domestic,Other,32780,Medford,32780,-122.728430834,42.4321485774,PA,OR,387
Domestic,Rest,90041,Rest of Oregon,90041,-120.55643,43.9384,PA,OR,388
Domestic,Other,13460,Bend,13460,-121.227891775,43.9148834538,PA,OR,389
Domestic,Other,21660,Eugene-Springfield,21660,-122.876549735,43.9415522726,PA,OR,390
Domestic,Other,18700,Corvallis,18700,-123.429309149,44.4917594818,PA,OR,391
Domestic,Other,41420,Salem,41420,-122.903066379,44.9033004936,PA,OR,392
Domestic,100,38900,Portland-Vancouver-Beaverton,38900,-122.478565324,45.5981784176,PA,OR-WA,393
Domestic,Other,31020,Longview,31020,-122.680784512,46.193291697,PA,WA,394
Domestic,Other,49420,Yakima,49420,-120.738703169,46.4568459642,PA,WA,395
Domestic,Other,28420,Kennewick-Richland-Pasco,28420,-119.254308277,46.363537565,PA,WA,396
Domestic,Other,44060,Spokane,44060,-117.404008285,47.6206394363,PA,WA,397
Domestic,Rest,90053,Rest of Washington,90053,-120.44261,47.3798,PA,WA,398
Domestic,Other,36500,Olympia,36500,-122.832075592,46.9295010715,PA,WA,399
Domestic,Other,14740,Bremerton-Silverdale,14740,-122.648996254,47.6398306504,PA,WA,400
Domestic,100,42660,Seattle-Tacoma-Bellevue,42660,-121.881387433,47.5574033429,PA,WA,401
Domestic,Other,48300,Wenatchee,48300,-120.26550558,47.8183993817,PA,WA,402
Domestic,Other,34580,Mount Vernon-Anacortes,34580,-121.802269824,48.4821504051,PA,WA,403
Domestic,Other,13380,Bellingham,13380,-121.872829975,48.8297449982,PA,WA,404
Domestic,Other,21820,Fairbanks,21820,-146.562798692,64.8085186874,PA,AK,405
Domestic,Other,11260,Anchorage,11260,-149.552252588,62.224071696,PA,AK,406
Domestic,Rest,90002,Rest of Alaska,90002,-152.56719,64.26253,PA,AK,407
Domestic,100,26180,Honolulu,26180,-164.629726443,23.6861703216,PA,HI,408
Domestic,Rest,90015,Rest of Hawaii,90015,-156.34403,20.2456,PA,HI,409
Global,CountryGroup,061,Polynesia,61,-149.664859,-17.642525,AS,,410
Global,CountryGroup,057,Micronesia,57,169.158384,8.104294,AS,,411
Global,CountryGroup,054,Melanesia,54,143.757991,-5.001829,AS,,412
Global,CountryGroup,053,Australia and New Zealand,53,149.998225,-34.812513,AS,,413
Global,Country,392,Japan,392,138.924004,35.747787,AS,,414
Global,Country,410,Republic of Korea,410,127.674005,36.669679,AS,,415
Global,Country,156,China,156,101.361718,35.748656,AS,,416
Global,RestOfGroup,030rem,Remainder of Eastern Asia,30,102.888849,45.768619,AS,,417
Global,RestOfGroup,035rem,Remainder of South-Eastern Asia,35,105.174006,14.436202,AS,,418
Global,Country,702,Singapore,702,103.823533,1.318141,AS,,419
Global,Country,356,India,356,79.125391,22.433782,AS,,420
Global,RestOfGroup,034rem,Remainder of Southern Asia,34,61.843931,30.374231,AS,,421
Global,CountryGroup,143,Central Asia,143,68.259944,41.772483,AS,,422
Global,RestOfGroup,145rem,Remainder of Western Asia,145,38.81659,30.601446,AS,,423
Global,Country,792,Turkey,792,32.576348,39.301515,EU,,424
Global,CountryGroup,151,Eastern Europe,151,35.355864,54.878126,EU,,425
Global,RestOfGroup,154rem,Remainder of Northern Europe,154,15.349787,59.131669,EU,,426
Global,Country,826,United Kingdom of Great Britain and Northern Ireland,826,-1.34943,52.322871,EU,,427
Global,Country,528,Netherlands,528,5.297273,52.162074,EU,,428
Global,Country,276,Germany,276,10.144307,50.534928,EU,,429
Global,RestOfGroup,155rem,Remainder of Western Europe,155,10.691585,47.101114,EU,,430
Global,Country,250,France,250,2.146261,47.003321,EU,,431
Global,Country,724,Spain,724,-3.634586,40.11289,EU,,432
Global,RestOfGroup,039rem,Remainder of Southern Europe,39,14.2951,41.509754,EU,,433
Global,CountryGroup,015,Northern Africa,15,11.570492,30.298374,AF,,434
Global,CountryGroup,014,Eastern Africa,14,41.101739,7.015227,AF,,435
Global,RestOfGroup,018rem,Remainder of Southern Africa,18,21.150569,-20.384352,AF,,436
Global,Country,710,South Africa,710,23.787286,-29.839281,AF,,437
Global,CountryGroup,017,Middle Africa,17,18.250179,2.988497,AF,,438
Global,CountryGroup,011,Western Africa,11,-6.534975,9.016854,AF,,439
Global,RestOfGroup,021rem,Remainder of Northern America,21,-44.283264,64.590587,LA,,440
Global,Country,124,Canada,124,-94.99615,52.595933,LA,,441
Global,Country,032,Argentina,32,-62.47662,-37.15214,LA,,442
Global,Country,152,Chile,152,-71.793026,-31.644648,LA,,443
Global,Country,076,Brazil,76,-50.611387,-12.801798,LA,,444
Global,RestOfGroup,005rem,Remainder of South America,5,-68.980527,-13.657369,LA,,445
Global,Country,170,Colombia,170,-73.08811,2.757365,LA,,446
Global,CountryGroup,029,Caribbean,29,-72.935606,18.489339,LA,,447
Global,RestOfGroup,013rem,Remainder of Central America,13,-84.712947,11.963386,LA,,448
Global,Country,484,Mexico,484,-100.445369,21.380798,LA,,449
Global,Unknown,unk,Unknown,0,0,0,,,450
